{
  "Lunas": [
    {
      "id": "1",
      "categoria": "Luna Superior Uno",
      "nombre": "Kokushibo"
    },
    {
      "id": "2",
      "categoria": "Luna Superior Dos",
      "nombre": "Doma"
    },
    {
      "id": "3",
      "categoria": "Luna Superior Tres",
      "nombre": "Akaza"
    },
    {
      "id": "4",
      "categoria": "Luna Superior Cuatro",
      "nombre": "Hantengu"
    },
    {
      "id": "5",
      "categoria": "Luna Superior Cinco",
      "nombre": "Gyokko"
    },
    {
      "id": "6",
      "categoria": "Luna Superior Seis",
      "nombre": "Gyutaro"
    },
    {
      "id": "7",
      "categoria": "Luna Superior Seis",
      "nombre": "Daki"
    },
    {
      "categoria": "Luna Superior Siete",
      "nombre": "Onip",
      "id": "8"
    }
  ],
  "Pilares": [
    {
      "id": "1",
      "categoria": "Pilar Agua",
      "nombre": "Giyu Tomioka",
      "estiloCombate": "Respiración del Agua"
    },
    {
      "id": "2",
      "categoria": "Pilar Amor",
      "nombre": "Mitsuri Kanroji",
      "estiloCombate": "Respiración del Amor"
    },
    {
      "id": "3",
      "categoria": "Pilar Serpiente",
      "nombre": "Obanai Iguro",
      "estiloCombate": "Desconocida"
    },
    {
      "categoria": "Pilar Viento",
      "nombre": "Sanemi Shinazugawa",
      "estiloCombate": "Respiración del Viento",
      "id": "4"
    },
    {
      "id": "5",
      "categoria": "Pilar Roca",
      "nombre": "Gyomei Himejima",
      "estiloCombate": "Respiración del Roca"
    },
    {
      "id": "6",
      "categoria": "Pilar Sonido",
      "nombre": "Tengen Uzui",
      "estiloCombate": "Desconocida"
    },
    {
      "id": "7",
      "categoria": "Pilar Niebla",
      "nombre": "Muichiro Tokito",
      "estiloCombate": "Respiración de la Niebla"
    },
    {
      "id": "8",
      "categoria": "Pilar Insecto",
      "nombre": "Shinobu Kocho",
      "estiloCombate": "Respiración del Insecto"
    }
  ]
}